target_homophily,homophily,method,accuracy_mean,accuracy_std
0.9,0.9041,MLP,0.7775,0.0518
0.9,0.9041,Neighbour vote,0.9450,0.0367
0.9,0.9041,GCN-1,0.9525,0.0284
0.9,0.9041,GCN-3,0.9950,0.0100
0.8,0.8048,MLP,0.7775,0.0518
0.8,0.8048,Neighbour vote,0.8675,0.0633
0.8,0.8048,GCN-1,0.8950,0.0444
0.8,0.8048,GCN-3,0.9325,0.0419
0.7,0.7016,MLP,0.7775,0.0518
0.7,0.7016,Neighbour vote,0.7875,0.0709
0.7,0.7016,GCN-1,0.8225,0.0564
0.7,0.7016,GCN-3,0.8425,0.0525
0.6,0.6054,MLP,0.7775,0.0518
0.6,0.6054,Neighbour vote,0.6650,0.0823
0.6,0.6054,GCN-1,0.7275,0.0684
0.6,0.6054,GCN-3,0.6875,0.0682
0.5,0.4939,MLP,0.7775,0.0518
0.5,0.4939,Neighbour vote,0.5125,0.0735
0.5,0.4939,GCN-1,0.6000,0.0880
0.5,0.4939,GCN-3,0.5250,0.1118
