model,seed,accuracy,f1,precision,recall,train_accuracy,final_train_loss
MLP,42,0.7750,0.8302,0.8462,0.8148,0.7833,0.4928
MLP,43,0.7500,0.7059,0.7500,0.6667,0.8000,0.4753
MLP,44,0.7500,0.7826,0.6923,0.9000,0.8000,0.5082
MLP,45,0.8500,0.8846,0.8519,0.9200,0.7667,0.5060
MLP,46,0.8750,0.9123,0.8966,0.9286,0.7167,0.5582
MLP,47,0.7500,0.7727,0.7727,0.7727,0.8083,0.4982
MLP,48,0.7000,0.6667,0.6667,0.6667,0.8083,0.4682
MLP,49,0.8250,0.8727,0.8276,0.9231,0.7917,0.4572
MLP,50,0.7500,0.7826,0.6923,0.9000,0.8167,0.4379
MLP,51,0.7500,0.7368,0.7368,0.7368,0.7833,0.5191
GCN-1,42,0.9500,0.9615,1.0000,0.9259,0.9250,0.2452
GCN-1,43,0.8250,0.7879,0.8667,0.7222,0.9167,0.2001
GCN-1,44,0.9500,0.9474,1.0000,0.9000,0.8667,0.2983
GCN-1,45,0.9000,0.9130,1.0000,0.8400,0.9083,0.2350
GCN-1,46,0.9750,0.9825,0.9655,1.0000,0.9250,0.2368
GCN-1,47,0.9500,0.9545,0.9545,0.9545,0.9333,0.2197
GCN-1,48,0.8750,0.8485,0.9333,0.7778,0.9167,0.2296
GCN-1,49,0.9250,0.9434,0.9259,0.9615,0.9333,0.1812
GCN-1,50,0.8500,0.8421,0.8889,0.8000,0.8833,0.2976
GCN-1,51,0.8500,0.8421,0.8421,0.8421,0.8833,0.2401
GCN-2,42,0.9750,0.9818,0.9643,1.0000,0.9250,0.1600
GCN-2,43,0.8500,0.8125,0.9286,0.7222,0.9667,0.1256
GCN-2,44,0.9000,0.9091,0.8333,1.0000,0.9583,0.1664
GCN-2,45,0.9500,0.9583,1.0000,0.9200,0.9417,0.1778
GCN-2,46,1.0000,1.0000,1.0000,1.0000,0.9250,0.1653
GCN-2,47,0.9250,0.9333,0.9130,0.9545,0.9583,0.1250
GCN-2,48,0.9250,0.9189,0.8947,0.9444,0.9750,0.1014
GCN-2,49,0.9000,0.9231,0.9231,0.9231,0.9667,0.1460
GCN-2,50,0.9500,0.9500,0.9500,0.9500,0.9500,0.1474
GCN-2,51,0.8750,0.8780,0.8182,0.9474,0.9833,0.0597
GCN-3,42,0.9250,0.9474,0.9000,1.0000,0.9583,0.2018
GCN-3,43,0.9000,0.8824,0.9375,0.8333,0.9750,0.1686
GCN-3,44,0.9500,0.9524,0.9091,1.0000,0.9500,0.1111
GCN-3,45,0.9500,0.9583,1.0000,0.9200,0.9500,0.1822
GCN-3,46,1.0000,1.0000,1.0000,1.0000,0.9333,0.1338
GCN-3,47,0.9500,0.9545,0.9545,0.9545,0.9333,0.1746
GCN-3,48,0.8750,0.8649,0.8421,0.8889,0.9917,0.0798
GCN-3,49,0.9750,0.9811,0.9630,1.0000,0.9667,0.1005
GCN-3,50,1.0000,1.0000,1.0000,1.0000,0.9333,0.1410
GCN-3,51,0.8750,0.8780,0.8182,0.9474,0.9750,0.1452
GCN-3 (no reg),42,0.9250,0.9474,0.9000,1.0000,0.9750,0.0873
GCN-3 (no reg),43,0.9000,0.8824,0.9375,0.8333,0.9750,0.0610
GCN-3 (no reg),44,0.9750,0.9756,0.9524,1.0000,0.9500,0.0960
GCN-3 (no reg),45,0.9500,0.9583,1.0000,0.9200,0.9583,0.0985
GCN-3 (no reg),46,1.0000,1.0000,1.0000,1.0000,0.9417,0.1036
GCN-3 (no reg),47,0.9500,0.9545,0.9545,0.9545,0.9417,0.0894
GCN-3 (no reg),48,0.9250,0.9231,0.8571,1.0000,0.9917,0.0149
GCN-3 (no reg),49,0.9500,0.9615,0.9615,0.9615,0.9667,0.0543
GCN-3 (no reg),50,1.0000,1.0000,1.0000,1.0000,0.9500,0.1165
GCN-3 (no reg),51,0.8500,0.8571,0.7826,0.9474,0.9833,0.0389
GCN-3-Random,42,0.6750,0.7451,0.7917,0.7037,,
GCN-3-Random,43,0.5250,0.6545,0.4865,1.0000,,
GCN-3-Random,44,0.5000,0.6667,0.5000,1.0000,,
GCN-3-Random,45,0.6250,0.7170,0.6786,0.7600,,
GCN-3-Random,46,0.3000,0.0000,0.0000,0.0000,,
GCN-3-Random,47,0.6250,0.7059,0.6207,0.8182,,
GCN-3-Random,48,0.4500,0.6207,0.4500,1.0000,,
GCN-3-Random,49,0.4000,0.5200,0.5417,0.5000,,
GCN-3-Random,50,0.5000,0.6667,0.5000,1.0000,,
GCN-3-Random,51,0.4750,0.6441,0.4750,1.0000,,
